repository_name,language
Acai-,Java
aluguelVeiculos,Java
api_FIPE,Java
arquivoComplementar,Java
ArquivosNomes,Java
ArthurCoutinho15,
aula1,Java
av1-ArquiteturaWeb-RestAPI,Java
Av1-ArthurCoutinho,Java
av2-ArthurCoutinho,Java
Bancofix,Java
Cantina,Java
Cantina1,Java
chess-System-java,
climaTempo-API,Java
Data-Engineering,Python
Diagnostica-01,Java
Diagnostica-02,Java
Estacionamento-,
Estadio-,Java
excel-apend,Python
exceptions-java1,
FastApi-restaurantes,Python
Java-NewtonPaiva,Java
Lab1,Java
lab2-,Java
linguagens-utilizadas,
Livros-API-Flask,Python
Notebooks,Jupyter Notebook
Pratica1,Java
